price,millage,year,make,model,city,state,accidents,owners,use
13130,34770,2019,Hyundai,Elantra, Jersey City, NJ,0,1.0,Personal
22990,53762,2018,Honda,Accord, New York, NY,0,1.0,Personal
15788,24317,2019,Ford,Fusion, Bronx, NY,0,1.0,Personal
4950,146988,2007,BMW,X3, Brooklyn, NY,2,4.0,Fleet
4950,92136,2010,Dodge,Journey, Brooklyn, NY,0,3.0,Fleet
22497,25812,2019,Chrysler,300, Jersey City, NJ,0,1.0,Personal
22897,34415,2020,Kia,Sorento, Jersey City, NJ,0,1.0,Personal
25397,34158,2020,GMC,Terrain, Jersey City, NJ,0,1.0,Personal
20297,22218,2019,Dodge,Journey, Jersey City, NJ,0,1.0,Personal
16597,21710,2019,Ford,Fusion, Jersey City, NJ,0,1.0,Personal
22997,21483,2019,Chrysler,300, Jersey City, NJ,0,1.0,Personal
3495,199066,2005,Toyota,Prius, Jamaica, NY,2,4.0,Personal
18995,94764,2017,Jeep,Grand Cherokee, Brooklyn, NY,0,1.0,Personal
16497,22205,2019,Ford,Fusion, Jersey City, NJ,0,1.0,Personal
3699,140710,2008,Scion,xD, Union City, NJ,1,4.0,Personal
20397,21541,2019,Dodge,Journey, Jersey City, NJ,0,1.0,Personal
18297,34279,2019,Nissan,Rogue, Jersey City, NJ,0,1.0,Personal
17497,34196,2019,Chevrolet,Impala, Jersey City, NJ,0,1.0,Personal
17897,31601,2019,Dodge,Grand Caravan, Jersey City, NJ,0,1.0,Personal
17897,29420,2019,Ford,Escape, Jersey City, NJ,0,1.0,Personal
16997,40000,2019,Toyota,Camry, Jersey City, NJ,0,1.0,Personal
16995,98757,2017,Cadillac,XT5, Brooklyn, NY,1,1.0,Personal
23797,13950,2020,Kia,Sorento, Jersey City, NJ,0,1.0,Personal
16995,38724,2017,Honda,Civic, Bergenfield, NJ,0,1.0,Personal
21697,34971,2019,Chevrolet,Express Passenger, Jersey City, NJ,0,1.0,Personal
12995,38899,2017,Honda,Accord, Long Island City, NY,5,1.0,Personal
14900,108950,2017,Ford,Explorer, Belford, NJ,0,2.0,Personal
20697,32750,2019,Jeep,Compass, Jersey City, NJ,0,1.0,Personal
11995,58867,2017,Ford,Escape, Newark, NJ,0,1.0,Fleet
7998,50770,2015,Chrysler,200, Forest Hills, NY,0,1.0,Personal
19297,22320,2019,Nissan,Rogue, Jersey City, NJ,0,1.0,Personal
14388,32508,2017,Toyota,Camry, Little Falls, NJ,0,1.0,Personal
9880,48876,2011,Mercedes-Benz,C-Class, Bloomfield, NJ,2,3.0,Personal
13130,34770,2019,Hyundai,Elantra, Jersey City, NJ,0,1.0,Personal
22990,53762,2018,Honda,Accord, New York, NY,0,1.0,Personal
15788,24317,2019,Ford,Fusion, Bronx, NY,0,1.0,Personal
4950,146988,2007,BMW,X3, Brooklyn, NY,2,4.0,Fleet
4950,92136,2010,Dodge,Journey, Brooklyn, NY,0,3.0,Fleet
22497,25812,2019,Chrysler,300, Jersey City, NJ,0,1.0,Personal
22897,34415,2020,Kia,Sorento, Jersey City, NJ,0,1.0,Personal
25397,34158,2020,GMC,Terrain, Jersey City, NJ,0,1.0,Personal
20297,22218,2019,Dodge,Journey, Jersey City, NJ,0,1.0,Personal
16597,21710,2019,Ford,Fusion, Jersey City, NJ,0,1.0,Personal
22997,21483,2019,Chrysler,300, Jersey City, NJ,0,1.0,Personal
3495,199066,2005,Toyota,Prius, Jamaica, NY,2,4.0,Personal
18995,94764,2017,Jeep,Grand Cherokee, Brooklyn, NY,0,1.0,Personal
16497,22205,2019,Ford,Fusion, Jersey City, NJ,0,1.0,Personal
3699,140710,2008,Scion,xD, Union City, NJ,1,4.0,Personal
20397,21541,2019,Dodge,Journey, Jersey City, NJ,0,1.0,Personal
18297,34279,2019,Nissan,Rogue, Jersey City, NJ,0,1.0,Personal
17497,34196,2019,Chevrolet,Impala, Jersey City, NJ,0,1.0,Personal
17897,31601,2019,Dodge,Grand Caravan, Jersey City, NJ,0,1.0,Personal
17897,29420,2019,Ford,Escape, Jersey City, NJ,0,1.0,Personal
16997,40000,2019,Toyota,Camry, Jersey City, NJ,0,1.0,Personal
16995,98757,2017,Cadillac,XT5, Brooklyn, NY,1,1.0,Personal
23797,13950,2020,Kia,Sorento, Jersey City, NJ,0,1.0,Personal
16995,38724,2017,Honda,Civic, Bergenfield, NJ,0,1.0,Personal
21697,34971,2019,Chevrolet,Express Passenger, Jersey City, NJ,0,1.0,Personal
12995,38899,2017,Honda,Accord, Long Island City, NY,5,1.0,Personal
14900,108950,2017,Ford,Explorer, Belford, NJ,0,2.0,Personal
20697,32750,2019,Jeep,Compass, Jersey City, NJ,0,1.0,Personal
11995,58867,2017,Ford,Escape, Newark, NJ,0,1.0,Fleet
7998,50770,2015,Chrysler,200, Forest Hills, NY,0,1.0,Personal
19297,22320,2019,Nissan,Rogue, Jersey City, NJ,0,1.0,Personal
14388,32508,2017,Toyota,Camry, Little Falls, NJ,0,1.0,Personal
9880,48876,2011,Mercedes-Benz,C-Class, Bloomfield, NJ,2,3.0,Personal
11972,88340,2010,Mercedes-Benz,CLS, Jersey City, NJ,0,6.0,Fleet
8972,117356,2009,Lexus,RX, Jersey City, NJ,0,1.0,Personal
15797,27494,2019,Mitsubishi,Eclipse Cross, Jersey City, NJ,0,1.0,Personal
19197,20999,2019,Dodge,Journey, Jersey City, NJ,0,1.0,Personal
15492,81321,2016,Ford,Edge, Jersey City, NJ,0,1.0,Personal
8499,79032,2012,Honda,Civic, Union City, NJ,0,2.0,Personal
8999,73277,2013,Chrysler,Town & Country, Union City, NJ,0,1.0,Personal
20995,38944,2017,Honda,Accord, Union City, NJ,1,1.0,Personal
17972,60765,2017,Jeep,Grand Cherokee, Jersey City, NJ,0,2.0,Personal
52997,28436,2019,Lincoln,Navigator, Jersey City, NJ,0,1.0,Personal
8972,98629,2009,BMW,5 Series, Jersey City, NJ,1,2.0,Fleet
8973,101516,2011,Volvo,C70, Jersey City, NJ,0,3.0,Personal
3972,133186,2010,Kia,Forte, Jersey City, NJ,0,2.0,Personal
3699,140710,2008,Scion,xD, Union City, NJ,1,4.0,Personal
18597,26800,2020,Chevrolet,Malibu, Jersey City, NJ,0,1.0,Personal
16897,28319,2019,Mitsubishi,Outlander, Jersey City, NJ,0,1.0,Personal
22597,23878,2019,Chevrolet,Express Passenger, Jersey City, NJ,0,1.0,Personal
9495,77770,2016,Nissan,Altima, Union City, NJ,1,2.0,Fleet
17984,88193,2013,BMW,7 Series, Jersey City, NJ,0,2.0,Personal
22792,85399,2014,BMW,6 Series, Jersey City, NJ,0,3.0,Fleet
15297,24433,2019,Kia,Soul, Jersey City, NJ,0,1.0,Personal
17495,46675,2015,Ford,Edge, Union City, NJ,0,1.0,Personal
21995,92517,2015,Mercedes-Benz,GL, Union City, NJ,1,1.0,Personal
14597,35562,2019,Kia,Soul, Jersey City, NJ,0,1.0,Personal
12995,39667,2015,Chevrolet,Equinox, Union City, NJ,0,1.0,Personal
12777,106105,2006,Lexus,SC, Jersey City, NJ,2,5.0,Personal
18897,41882,2019,Jeep,Compass, Jersey City, NJ,0,1.0,Personal
19797,28059,2019,Dodge,Grand Caravan, Jersey City, NJ,0,1.0,Personal
39792,30035,2008,Bentley,Flying Spur, Jersey City, NJ,1,1.0,Personal
4950,146988,2007,BMW,X3, Brooklyn, NY,2,4.0,Fleet
24996,13943,2017,Lexus,ES, Little Falls, NJ,0,1.0,Personal
20397,20376,2019,Ford,Fusion, Jersey City, NJ,0,1.0,Personal
23697,32399,2019,Jeep,Cherokee, Jersey City, NJ,0,1.0,Personal
12472,108898,2007,Mercedes-Benz,SL, Jersey City, NJ,0,7.0,Personal
10942,47368,2016,Ford,Fusion, Carlstadt, NJ,0,3.0,Fleet
5999,84011,2017,Nissan,Versa, Irvington, NJ,0,2.0,Fleet
19097,36433,2019,Jeep,Compass, Jersey City, NJ,0,1.0,Personal
8900,49131,2016,Ford,Fusion, Belford, NJ,1,2.0,Fleet
9900,78475,2017,Chevrolet,Malibu, Belford, NJ,0,1.0,Fleet
2950,190210,2005,Volvo,XC90, Brooklyn, NY,3,3.0,Personal
8499,79032,2012,Honda,Civic, Union City, NJ,0,2.0,Personal
8982,135079,2007,Lexus,GX, Hasbrouck Heights, NJ,0,4.0,Personal
12900,30006,2017,Toyota,Camry, Hillside, NJ,1,2.0,Fleet
19597,36393,2019,Chevrolet,Equinox, Jersey City, NJ,0,1.0,Personal
17397,27934,2019,Ford,EcoSport, Jersey City, NJ,0,1.0,Personal
4999,123702,2010,Volkswagen,Passat, Brooklyn, NY,0,3.0,Fleet
10495,113812,2013,BMW,X3, Newark, NJ,0,2.0,Personal
15542,52378,2017,GMC,Savana Cargo Van, Carlstadt, NJ,0,1.0,Personal
8999,73277,2013,Chrysler,Town & Country, Union City, NJ,0,1.0,Personal
12995,90150,2007,Mercedes-Benz,S-Class, Jamaica, NY,0,1.0,Personal
9999,107207,2013,Jeep,Grand Cherokee, Brooklyn, NY,0,3.0,Personal
15995,68608,2013,Subaru,Tribeca, Emerson, NJ,0,1.0,Personal
12795,73405,2017,Honda,Accord, Union, NJ,0,1.0,Personal
1995,142600,2003,Nissan,Sentra, Staten Island, NY,1,3.0,Personal
18690,19951,2019,Honda,Accord, Elmhurst, NY,0,1.0,Personal
7800,62151,2013,Ford,Escape, Bayonne, NJ,1,4.0,Personal
21497,34842,2019,Chevrolet,Express Passenger, New York, NY,0,1.0,Personal
15542,52796,2017,GMC,Savana Cargo Van, Carlstadt, NJ,0,1.0,Personal
8950,107450,2016,Kia,Sedona, Brooklyn, NY,4,2.0,Fleet
22742,75293,2018,Ford,F-150, Carlstadt, NJ,1,1.0,Personal
10972,120080,2010,BMW,5 Series, Jersey City, NJ,0,2.0,Personal
16978,101879,2012,Mercedes-Benz,S-Class, Jersey City, NJ,0,3.0,Fleet
12995,75491,2015,Nissan,Rogue, Union City, NJ,0,1.0,Personal
10495,113812,2013,BMW,X3, Newark, NJ,0,2.0,Personal
11995,58741,2013,Subaru,Forester, Union City, NJ,0,1.0,Personal
13995,41883,2016,Hyundai,Sonata, Union City, NJ,0,2.0,Personal
188500,1849,2018,Porsche,911, New York, NY,0,1.0,Personal
9772,57986,2014,Volkswagen,Jetta, Jersey City, NJ,0,2.0,Personal
23297,21291,2019,Nissan,Frontier, Jersey City, NJ,0,1.0,Personal
24797,17734,2020,Chevrolet,Equinox, Jersey City, NJ,0,1.0,Personal
12995,47442,2017,Hyundai,Sonata, Union City, NJ,0,1.0,Personal
12397,30266,2019,Hyundai,Accent, Jersey City, NJ,0,1.0,Personal
4995,131980,2008,Jeep,Liberty, Union City, NJ,0,3.0,Personal
19488,78644,2016,Land,Rover Discovery Sport, Jersey City, NJ,1,1.0,Fleet
10972,70079,2009,BMW,1 Series, Jersey City, NJ,0,2.0,Personal
32797,31673,2019,Jeep,Wrangler, Jersey City, NJ,0,1.0,Personal
20997,37987,2019,GMC,Terrain, Jersey City, NJ,0,1.0,Personal
31497,31198,2019,Toyota,4Runner, Jersey City, NJ,0,1.0,Personal
19792,80062,2012,Audi,A7, Jersey City, NJ,0,3.0,Personal
9999,80548,2011,Toyota,RAV4, Union City, NJ,0,3.0,Fleet
43972,107620,2010,Mercedes-Benz,G-Class, Jersey City, NJ,1,3.0,Personal
14897,20886,2019,Volkswagen,Jetta, Jersey City, NJ,0,1.0,Personal
34497,30164,2019,Ford,Explorer, Jersey City, NJ,0,1.0,Personal
32797,20575,2019,Jeep,Grand Cherokee, Jersey City, NJ,0,1.0,Personal
30497,31244,2019,Ford,Explorer, Jersey City, NJ,1,1.0,Personal
7800,62151,2013,Ford,Escape, Bayonne, NJ,1,4.0,Personal
12999,95113,2015,Toyota,Sienna, Union City, NJ,0,1.0,Personal
17497,105804,2012,Mercedes-Benz,CLS, Jersey City, NJ,1,1.0,Personal
12999,57743,2017,Nissan,Altima, Union City, NJ,0,1.0,Personal
9972,87766,2011,Jeep,Liberty, Jersey City, NJ,0,1.0,Personal
23505,44255,2014,Toyota,4Runner, Elizabeth, NJ,0,4.0,Personal
15908,27635,2017,Nissan,Rogue, Hillside, NJ,0,2.0,Fleet
11972,88340,2010,Mercedes-Benz,CLS, Jersey City, NJ,0,6.0,Fleet
14750,37080,2019,Toyota,Camry, Bronx, NY,0,2.0,Personal
14505,21484,2017,Honda,Accord, Elizabeth, NJ,0,1.0,Personal
6450,119128,2006,Nissan,Armada, Brooklyn, NY,1,3.0,Personal
6995,99841,2012,Ford,Transit Connect Van, Jamaica, NY,1,1.0,Personal
7999,123551,2016,Nissan,Altima, Irvington, NJ,0,1.0,Fleet
17495,46675,2015,Ford,Edge, Union City, NJ,0,1.0,Personal
16990,54734,2017,Acura,RDX, Elmhurst, NY,0,1.0,Personal
14990,19318,2017,Toyota,RAV4, Elmhurst, NY,0,1.0,Personal
29000,31591,2017,Ford,F-150, Butler, NJ,0,1.0,Fleet
9500,82350,2013,Toyota,RAV4, Linden, NJ,1,1.0,Fleet
37995,7360,2019,Lexus,RX, New York, NY,0,1.0,Personal
8995,165023,2010,Mercedes-Benz,E-Class, Newark, NJ,0,1.0,Personal
13881,34631,2019,Volkswagen,Jetta, New York, NY,0,1.0,Personal
14777,28902,2017,Honda,Accord, Union, NJ,0,1.0,Personal
11995,100704,2012,Volkswagen,Touareg, Bayonne, NJ,1,2.0,Fleet
15797,27494,2019,Mitsubishi,Eclipse Cross, Jersey City, NJ,0,1.0,Personal
1995,197486,1998,Toyota,Camry, Staten Island, NY,1,3.0,Fleet
21995,92517,2015,Mercedes-Benz,GL, Union City, NJ,1,1.0,Personal
6895,100909,2011,Toyota,Prius, Saddle Brook, NJ,1,2.0,Personal
18995,76342,2008,Ford,Super Duty F-450 Chassis Cab, Hasbrouck Heights, NJ,0,2.0,Personal
14905,29103,2017,Acura,TLX, Elizabeth, NJ,1,1.0,Personal
16995,93783,2017,Subaru,Outback, Emerson, NJ,0,1.0,Personal
17995,90750,2018,Honda,Accord, Long Island City, NY,0,1.0,Personal
19197,20999,2019,Dodge,Journey, Jersey City, NJ,0,1.0,Personal
12995,39667,2015,Chevrolet,Equinox, Union City, NJ,0,1.0,Personal
16990,51210,2017,Honda,Civic, Brooklyn, NY,0,1.0,Personal
10995,39815,2019,Nissan,Sentra, Rahway, NJ,1,1.0,Personal
21597,14166,2019,Toyota,Prius, Jersey City, NJ,0,1.0,Personal
14792,69258,2014,Mercedes-Benz,C-Class, Jersey City, NJ,2,3.0,Personal
7950,152646,2010,Audi,A5, Brooklyn, NY,1,2.0,Personal
14995,112329,2015,Ford,Explorer, Newark, NJ,0,1.0,Personal
26995,71255,2012,BMW,X6 M, Newark, NJ,1,1.0,Personal
19990,87041,2014,Audi,Q7, Jersey City, NJ,0,3.0,Personal
18297,22029,2019,Chevrolet,Impala, New York, NY,0,1.0,Personal
11950,91591,2008,Land,Rover Range Rover, Brooklyn, NY,0,3.0,Personal
22792,64963,2014,BMW,X6, Jersey City, NJ,0,2.0,Fleet
37990,9522,2019,Lexus,RX, New York, NY,0,1.0,Personal
25197,23732,2019,Nissan,Frontier, Jersey City, NJ,0,1.0,Personal
9990,116299,2010,Acura,TL, Jersey City, NJ,0,2.0,Personal
11995,34009,2019,Chevrolet,Cruze, Union City, NJ,0,1.0,Fleet
22686,59360,2016,Audi,S3, Secaucus, NJ,1,1.0,Personal
13500,45031,2016,Ford,Escape, Newark, NJ,0,1.0,Fleet
9950,140649,2010,Audi,S5, Brooklyn, NY,0,1.0,Personal
39995,6598,2019,Lexus,RX, New York, NY,0,1.0,Personal
11992,114296,2013,BMW,5 Series, Jersey City, NJ,1,2.0,Fleet
72995,7403,2019,Porsche,Cayenne, New York, NY,0,1.0,Personal
17995,98515,2015,Acura,MDX, Union City, NJ,0,2.0,Fleet
169995,27267,2009,Rolls-Royce,Phantom, New York, NY,0,2.0,Personal
32792,70001,2015,Cadillac,Escalade, Jersey City, NJ,1,3.0,Personal
28886,46176,2017,Mercedes-Benz,GLE, Secaucus, NJ,0,1.0,Personal
17797,27679,2019,Ford,Escape, New York, NY,1,1.0,Personal
2950,190210,2005,Volvo,XC90, Brooklyn, NY,3,3.0,Personal
13881,34631,2019,Volkswagen,Jetta, New York, NY,0,1.0,Personal
49995,3945,2019,Porsche,Macan, New York, NY,0,1.0,Personal
6997,78072,2013,FIAT,500, Jersey City, NJ,0,2.0,Personal
11542,64926,2017,Ford,Escape, Carlstadt, NJ,0,1.0,Fleet
38490,9113,2019,Lexus,RX, New York, NY,0,1.0,Personal
27995,27246,2016,Lexus,RX, New York, NY,0,1.0,Personal
29197,20689,2019,Ford,Ranger, Jersey City, NJ,0,1.0,Personal
29990,2553,2017,Jeep,Grand Cherokee, New York, NY,0,1.0,Personal
149997,33454,2013,Ferrari,458 Italia, Jersey City, NJ,0,5.0,Fleet
3942,114400,2007,Nissan,Murano, Carlstadt, NJ,3,2.0,Personal
20995,65490,2017,INFINITI,QX60, Union City, NJ,0,3.0,Personal
4999,123702,2010,Volkswagen,Passat, Brooklyn, NY,0,3.0,Fleet
17497,30532,2020,Kia,Soul, Jersey City, NJ,0,1.0,Personal
24386,29659,2017,Audi,A4, Secaucus, NJ,0,1.0,Personal
30797,11294,2020,Nissan,Pathfinder, Jersey City, NJ,0,1.0,Personal
9999,107207,2013,Jeep,Grand Cherokee, Brooklyn, NY,0,3.0,Personal
26537,18110,2017,Lexus,NX, New York, NY,0,1.0,Personal
38995,7318,2019,Lexus,RX, New York, NY,0,1.0,Personal
13998,61331,2009,INFINITI,G, Jersey City, NJ,0,2.0,Personal
7720,134072,2010,BMW,5 Series, Newark, NJ,0,4.0,Fleet
8950,107450,2016,Kia,Sedona, Brooklyn, NY,4,2.0,Fleet
12742,45426,2018,Nissan,Altima, Carlstadt, NJ,0,1.0,Personal
11995,28547,2018,Nissan,Altima, Newark, NJ,0,2.0,Personal
38990,6245,2019,Lexus,RX, New York, NY,0,1.0,Personal
27497,21660,2019,INFINITI,Q50, Jersey City, NJ,0,1.0,Personal
12497,98795,2012,Audi,A5, Jersey City, NJ,0,2.0,Personal
39490,6031,2019,Lexus,RX, New York, NY,0,1.0,Personal
13750,91091,2013,Ford,Econoline Wagon, Brooklyn, NY,1,1.0,Personal
133995,7312,2017,Porsche,911, New York, NY,0,2.0,Personal
10995,129982,2017,Kia,Optima, Newark, NJ,0,1.0,Personal
15999,84063,2016,Nissan,Frontier, Union City, NJ,0,3.0,Fleet
13495,94224,2014,Ford,Econoline Cargo Van, Union City, NJ,0,1.0,Personal
10942,47368,2016,Ford,Fusion, Carlstadt, NJ,0,3.0,Fleet
11995,100704,2012,Volkswagen,Touareg, Bayonne, NJ,1,2.0,Fleet
16599,7558,2020,Toyota,Corolla, Union City, NJ,0,1.0,Fleet
14980,86656,2010,INFINITI,G, Jersey City, NJ,0,1.0,Personal
23990,13698,2019,Jeep,Cherokee, New York, NY,0,1.0,Personal
2995,158760,2004,Toyota,Avalon, Union City, NJ,2,4.0,Personal
11995,97465,2012,Jeep,Grand Cherokee, Newark, NJ,0,2.0,Personal
18799,116499,2013,Jeep,Wrangler, Union City, NJ,1,2.0,Personal
7995,146304,2010,Honda,Accord Crosstour, Union City, NJ,0,4.0,Personal
39990,5743,2019,Lexus,RX, New York, NY,0,1.0,Personal
17999,34220,2017,Honda,Accord, Union City, NJ,0,1.0,Personal
59901,11157,2017,Mercedes-Benz,SL, New York, NY,0,1.0,Personal
11995,79601,2010,Mercedes-Benz,E-Class, Union City, NJ,0,1.0,Personal
24997,14240,2020,Hyundai,Santa Fe, Jersey City, NJ,0,1.0,Personal
159995,5388,2018,Porsche,911, New York, NY,0,2.0,Personal
30686,15276,2018,Audi,A5, Secaucus, NJ,0,1.0,Personal
28990,22472,2017,Jeep,Wrangler, New York, NY,0,1.0,Personal
39490,5635,2019,Lexus,RX, New York, NY,0,1.0,Personal
18500,20000,2019,Jeep,Compass, Bayonne, NJ,0,2.0,Fleet
32286,41418,2017,Audi,Q7, Secaucus, NJ,0,1.0,Personal
6995,86532,2017,Mitsubishi,Lancer, Bayonne, NJ,1,2.0,Fleet
17995,75514,2014,Land,Rover Range Rover Evoque, Newark, NJ,0,2.0,Fleet
6450,119128,2006,Nissan,Armada, Brooklyn, NY,1,3.0,Personal
48904,18737,2017,Mercedes-Benz,GLS, New York, NY,0,1.0,Personal
15542,52378,2017,GMC,Savana Cargo Van, Carlstadt, NJ,0,1.0,Personal
14790,96467,2011,Audi,S4, Jersey City, NJ,0,2.0,Personal
25987,36966,2017,Alfa,Romeo Giulia, Jersey City, NJ,0,1.0,Personal
27997,44243,2017,Volkswagen,Golf R, Jersey City, NJ,0,1.0,Fleet
3995,111202,2002,Toyota,Camry, Union City, NJ,1,3.0,Personal
39315,9226,2019,Lexus,RX, New York, NY,0,1.0,Personal
33792,50367,2017,Jaguar,F-PACE, Jersey City, NJ,0,2.0,Personal
4495,110215,2008,Ford,Escape, Lyndhurst, NJ,0,2.0,Personal
15542,52796,2017,GMC,Savana Cargo Van, Carlstadt, NJ,0,1.0,Personal
22742,75293,2018,Ford,F-150, Carlstadt, NJ,1,1.0,Personal
14987,120954,2015,Honda,Odyssey, Jersey City, NJ,0,1.0,Personal
31686,26739,2017,Audi,S3, Secaucus, NJ,0,1.0,Personal
17492,52037,2013,Mercedes-Benz,GLK, Jersey City, NJ,0,3.0,Personal
33286,4361,2019,Audi,A4, Secaucus, NJ,0,1.0,Personal
39990,7686,2019,Lexus,RX, New York, NY,0,1.0,Personal
18995,94764,2017,Jeep,Grand Cherokee, Brooklyn, NY,0,1.0,Personal
2999,221667,2008,Honda,Odyssey, Brooklyn, NY,0,4.0,Personal
44995,4460,2018,Porsche,Macan, New York, NY,0,1.0,Personal
20942,20276,2017,Subaru,Outback, Carlstadt, NJ,0,1.0,Personal
40990,9079,2019,Lexus,RX, New York, NY,0,1.0,Personal
14997,87009,2013,BMW,3 Series, Jersey City, NJ,0,3.0,Personal
28886,29380,2018,Audi,Q5, Secaucus, NJ,0,2.0,Personal
14995,68277,2015,Toyota,RAV4, Union City, NJ,0,2.0,Personal
15542,50193,2017,GMC,Savana Cargo Van, Carlstadt, NJ,0,1.0,Personal
39901,30134,2017,Mercedes-Benz,GLC, New York, NY,0,1.0,Personal
13995,141701,2011,Ford,Super Duty F-250, Newark, NJ,0,1.0,Personal
9679,120013,2011,Mercedes-Benz,GLK, Jersey City, NJ,0,1.0,Personal
12950,85749,2008,Mercedes-Benz,S-Class, Brooklyn, NY,0,3.0,Personal
17797,30136,2019,Dodge,Grand Caravan, New York, NY,0,1.0,Personal
40495,7012,2019,Lexus,RX, New York, NY,0,1.0,Personal
13881,39842,2019,Volkswagen,Jetta, New York, NY,0,1.0,Personal
21995,78372,2015,BMW,6 Series, Newark, NJ,0,3.0,Fleet
9999,116964,2015,Nissan,Pathfinder, Brooklyn, NY,0,4.0,Personal
16995,28211,2019,Toyota,Camry, Newark, NJ,0,1.0,Personal
23286,13223,2014,Mercedes-Benz,M-Class, Secaucus, NJ,0,1.0,Personal
37995,24993,2018,Lexus,GX, New York, NY,0,1.0,Personal
13950,66488,2010,Land,Rover Range Rover Sport, Brooklyn, NY,2,5.0,Personal
43686,30679,2017,Maserati,Levante, Secaucus, NJ,0,1.0,Personal
24897,39339,2019,Mazda,CX-9, New York, NY,0,1.0,Personal
13542,82222,2017,Subaru,Forester, Carlstadt, NJ,0,1.0,Personal
39995,24527,2017,Lexus,LS, New York, NY,0,1.0,Personal
38686,5649,2019,Audi,A5, Secaucus, NJ,0,1.0,Personal
34806,16438,2017,Mercedes-Benz,GLC, New York, NY,0,1.0,Personal
33998,31193,2017,Volvo,XC90, New York, NY,0,1.0,Personal
20497,38651,2019,Mazda,CX-5, New York, NY,0,1.0,Personal
10995,75444,2011,Nissan,Murano, Union City, NJ,0,2.0,Personal
6770,93200,2012,Hyundai,Veloster, Newark, NJ,0,2.0,Personal
22097,29977,2019,Nissan,Maxima, New York, NY,0,1.0,Personal
1995,140252,1999,Toyota,Camry, Staten Island, NY,0,4.0,Personal
52900,27038,2018,BMW,7 Series, Kearny, NJ,1,1.0,Personal
12995,16932,2019,Toyota,Corolla, Newark, NJ,0,2.0,Fleet
27495,60200,2015,Lexus,GX, New York, NY,0,1.0,Personal
9880,48876,2011,Mercedes-Benz,C-Class, Bloomfield, NJ,2,3.0,Personal
14995,47416,2014,Ford,Escape, Union City, NJ,0,1.0,Personal
32986,5210,2019,Audi,A4, Secaucus, NJ,1,1.0,Personal
13995,107937,2013,Acura,MDX, Union City, NJ,1,2.0,Personal
13995,72195,2013,Mercedes-Benz,M-Class, Newark, NJ,0,3.0,Personal
11995,69560,2015,Honda,Civic, Union City, NJ,0,2.0,Fleet
10995,35605,2019,Hyundai,Elantra, Newark, NJ,1,1.0,Fleet
38490,9575,2018,Lexus,RX, New York, NY,0,1.0,Personal
12395,131579,2011,Toyota,Highlander, Union City, NJ,0,2.0,Personal
12942,22970,2017,Nissan,Altima, Carlstadt, NJ,1,2.0,Personal
3581,88288,2001,Chevrolet,S-10, New York, NY,0,5.0,Personal
12995,38899,2017,Honda,Accord, Long Island City, NY,5,1.0,Personal
27697,26566,2019,Mazda,CX-9, New York, NY,0,1.0,Personal
13995,63509,2013,Toyota,RAV4, Union City, NJ,0,1.0,Personal
34990,20084,2017,Jeep,Grand Cherokee, New York, NY,0,1.0,Personal
12742,38968,2015,Ford,Escape, Carlstadt, NJ,0,2.0,Personal
20499,31532,2019,Toyota,Camry, Brooklyn, NY,0,1.0,Personal
17900,40550,2017,BMW,3 Series, Rahway, NJ,3,1.0,Fleet
16694,39688,2017,Honda,Accord, Union, NJ,0,1.0,Personal
1995,232753,2000,Nissan,Xterra, Hasbrouck Heights, NJ,1,5.0,Personal
16656,80248,2010,Mercedes-Benz,S-Class, Bloomfield, NJ,1,3.0,Fleet
25335,26485,2017,Lexus,ES, Larchmont, NY,0,1.0,Personal
15016,36048,2017,Honda,Accord, Forest Hills, NY,0,1.0,Personal
41884,4438,2020,Mercedes-Benz,GLC, Paramus, NJ,0,1.0,Personal
9841,42143,2017,Chevrolet,Cruze, Yonkers, NY,1,2.0,Personal
11799,91582,2012,Honda,Odyssey, Union City, NJ,0,2.0,Personal
40035,4678,2020,Mercedes-Benz,GLC, Paramus, NJ,0,1.0,Personal
7900,74466,2016,Volkswagen,Jetta, Bronx, NY,0,1.0,Personal
12594,15869,2017,Hyundai,Elantra, Bloomfield, NJ,0,1.0,Personal
7900,160623,2015,Toyota,Sienna, Belford, NJ,1,2.0,Fleet
8800,44645,2004,Nissan,Titan, Hazlet, NJ,0,1.0,Personal
14990,45688,2018,Chevrolet,Malibu, New York, NY,0,1.0,Personal
9995,44000,2014,Chevrolet,Equinox, Scarsdale, NY,0,2.0,Personal
2995,128827,2004,Jeep,Liberty, Garfield, NJ,3,6.0,Fleet
48904,18737,2017,Mercedes-Benz,GLS, New York, NY,0,1.0,Personal
38990,6245,2019,Lexus,RX, New York, NY,0,1.0,Personal
5895,90946,2014,Volkswagen,Jetta, Lodi, NJ,1,2.0,Personal
10800,64243,2013,Jeep,Grand Cherokee, Hazlet, NJ,0,2.0,Personal
12900,88181,2017,Chevrolet,Traverse, Belford, NJ,2,1.0,Fleet
19999,43863,2017,Lincoln,MKC, Englewood, NJ,0,1.0,Personal
11900,103227,2013,Lexus,ES, Belford, NJ,1,2.0,Personal
17995,108375,2017,Ford,Explorer, Brooklyn, NY,0,1.0,Personal
3399,101423,2010,Pontiac,G6, Garfield, NJ,0,6.0,Personal
13850,36377,2017,Honda,HR-V, Greatneck, NY,0,1.0,Personal
13390,45691,2018,Chevrolet,Equinox, Bronx, NY,0,1.0,Personal
16888,30585,2017,Toyota,RAV4, Jamaica, NY,0,1.0,Personal
33901,8510,2017,Mercedes-Benz,C-Class, New York, NY,0,1.0,Personal
37992,56544,2015,Mercedes-Benz,M-Class, Jersey City, NJ,0,2.0,Personal
38286,6108,2019,Audi,A5, Secaucus, NJ,1,1.0,Personal
5500,104117,2011,Volkswagen,Jetta, Kearny, NJ,1,2.0,Personal
3795,141843,2005,Honda,Accord, Newark, NJ,2,6.0,Personal
8995,83058,2009,Ford,Econoline Cargo Van, Newark, NJ,1,1.0,Personal
11495,42308,2018,Nissan,Altima, Bayonne, NJ,0,1.0,Personal
4995,82424,2012,FIAT,500, Newark, NJ,1,1.0,Personal
15542,92305,2014,Ford,F-150, Carlstadt, NJ,0,3.0,Personal
34995,31172,2017,Lexus,GS, New York, NY,0,1.0,Personal
17542,60023,2016,Ford,Explorer, Carlstadt, NJ,1,1.0,Fleet
44995,16502,2018,Lexus,GX, New York, NY,0,1.0,Personal
48286,9803,2019,Audi,Q7, Secaucus, NJ,0,1.0,Personal
10995,126055,2011,Mercedes-Benz,M-Class, Newark, NJ,0,2.0,Personal
13680,88930,2012,Mercedes-Benz,E-Class, Jersey City, NJ,0,2.0,Fleet
49801,17546,2017,Mercedes-Benz,GLS, New York, NY,0,1.0,Personal
9399,88697,2012,Honda,Civic, Union City, NJ,0,1.0,Personal
9495,111121,2010,Ford,F-150, Newark, NJ,0,3.0,Personal
29995,22462,2016,Lexus,RX, New York, NY,0,1.0,Personal
33286,13087,2019,Audi,A4, Secaucus, NJ,1,1.0,Personal
17972,64685,2013,INFINITI,G, Jersey City, NJ,0,1.0,Personal
21797,37571,2019,Nissan,Pathfinder, New York, NY,0,1.0,Personal
14642,99031,2013,Ford,F-150, Carlstadt, NJ,0,3.0,Personal
10990,36059,2011,Honda,CR-V, New York, NY,1,3.0,Personal
49901,26988,2017,Mercedes-Benz,GLS, New York, NY,0,1.0,Personal
62905,12900,2019,Mercedes-Benz,CLS, New York, NY,0,1.0,Personal
10995,62510,2015,Nissan,Rogue Select, Union City, NJ,0,4.0,Personal
89500,18864,2017,Porsche,911, New York, NY,0,1.0,Personal
35901,29312,2017,Mercedes-Benz,E-Class, New York, NY,0,1.0,Personal
29686,28701,2018,Audi,A5, Secaucus, NJ,0,1.0,Personal
21990,36913,2017,Jeep,Grand Cherokee, Elmhurst, NY,0,1.0,Personal
20398,32266,2019,Toyota,Camry, Brooklyn, NY,0,1.0,Personal
13990,76896,2017,Toyota,Camry, New York, NY,0,2.0,Personal
11995,25619,2019,Volkswagen,Jetta, Newark, NJ,1,1.0,Personal
6799,131618,2015,Chrysler,200, Teterboro, NJ,0,1.0,Personal
16035,29099,2019,Nissan,Altima, Hackensack, NJ,0,1.0,Personal
12470,21551,2016,Ford,Fusion, Brooklyn, NY,0,1.0,Fleet
12995,37777,2017,Honda,Civic, Greatneck, NY,0,1.0,Personal
20498,30278,2019,Toyota,Camry, Brooklyn, NY,0,1.0,Personal
18990,74225,2013,Jaguar,XJ, New York, NY,0,3.0,Personal
12800,17659,2019,Volkswagen,Jetta, North Plainfield, NJ,0,1.0,Personal
16990,74747,2017,Honda,Accord, New York, NY,0,1.0,Fleet
9995,61785,2016,Ford,Fusion, Scarsdale, NY,0,2.0,Personal
14900,23997,2017,Honda,Accord, Old Bridge, NJ,0,1.0,Personal
3995,153256,2013,Dodge,Avenger, Ridgewood, NY,5,2.0,Fleet
9495,111284,2007,Mercedes-Benz,S-Class, Saddle Brook, NJ,0,4.0,Fleet
12900,66525,2017,Chevrolet,Equinox, Rahway, NJ,0,1.0,Fleet
9980,55585,2015,Nissan,Altima, Paramus, NJ,1,2.0,Personal
10505,45807,2016,Chevrolet,Trax, Mahwah, NJ,0,1.0,Personal
3995,152839,1999,Ford,F-150, Belford, NJ,1,4.0,Personal
14990,38436,2017,Ford,Escape, New York, NY,0,1.0,Personal
9500,40823,2016,Kia,Soul, Hillside, NJ,1,1.0,Personal
21990,40998,2017,Ford,Explorer, New York, NY,0,1.0,Fleet
3999,95291,2007,Subaru,Outback, Garfield, NJ,1,3.0,Personal
12990,33749,2017,Nissan,Rogue, Elmhurst, NY,0,1.0,Fleet
15905,36180,2017,Nissan,Rogue, Elizabeth, NJ,0,1.0,Personal
16045,29059,2019,Nissan,Altima, Hackensack, NJ,0,1.0,Personal
17972,60765,2017,Jeep,Grand Cherokee, Jersey City, NJ,0,2.0,Personal
11590,71651,2016,Ford,Fusion, New York, NY,0,3.0,Personal
24223,29012,2017,Lexus,NX, Larchmont, NY,0,1.0,Personal
19900,15950,2017,Nissan,Pathfinder, Kearny, NJ,0,1.0,Personal
44686,7587,2019,Audi,S4, Secaucus, NJ,0,1.0,Fleet
12681,36977,2016,Volkswagen,Passat, New York, NY,0,1.0,Personal
9900,63446,2016,Chrysler,200, Bayonne, NJ,0,1.0,Fleet
1995,197486,1998,Toyota,Camry, Staten Island, NY,1,3.0,Fleet
37781,18437,2017,Audi,A8, New York, NY,0,1.0,Fleet
21995,91165,2015,GMC,Sierra 1500, Newark, NJ,1,2.0,Personal
29498,12515,2019,Audi,A5, New York, NY,0,1.0,Fleet
21686,39029,2017,Audi,A4, Secaucus, NJ,1,1.0,Personal
8942,80186,2013,Volkswagen,Golf, Carlstadt, NJ,0,2.0,Personal
89901,27915,2017,Mercedes-Benz,G-Class, New York, NY,0,1.0,Personal
16496,83535,2013,BMW,X5, Jersey City, NJ,0,1.0,Personal
27399,12711,2017,BMW,X3, New York, NY,0,1.0,Personal
49995,6174,2019,Porsche,Macan, New York, NY,0,1.0,Personal
32686,7842,2019,Audi,A4, Secaucus, NJ,0,1.0,Personal
59995,30485,2017,Lexus,LX, New York, NY,0,1.0,Personal
10999,68438,2012,Toyota,RAV4, Union City, NJ,1,2.0,Fleet
17097,29767,2019,Ford,EcoSport, New York, NY,0,1.0,Personal
16397,32888,2019,Volkswagen,Passat, New York, NY,0,1.0,Personal
10995,65344,2011,Mazda,CX-9, Union City, NJ,0,1.0,Personal
11500,83750,2009,Mercedes-Benz,M-Class, Kearny, NJ,0,3.0,Personal
59995,35119,2017,Lexus,LX, New York, NY,0,1.0,Personal
16995,107311,2015,Honda,Pilot, Union City, NJ,1,1.0,Personal
36901,12083,2017,Mercedes-Benz,E-Class, New York, NY,0,1.0,Personal
3999,137510,2004,BMW,5 Series, Brooklyn, NY,0,4.0,Fleet
19990,45818,2017,Dodge,Charger, New York, NY,0,1.0,Personal
221500,5748,2020,McLaren,600LT, New York, NY,0,1.0,Personal
15990,27435,2017,Jeep,Patriot, New York, NY,0,1.0,Personal
188800,6563,2019,Lamborghini,Huracan, New York, NY,0,1.0,Personal
29895,21331,2016,Jeep,Wrangler, New York, NY,0,1.0,Personal
40861,3726,2020,Mercedes-Benz,C-Class, Paramus, NJ,0,1.0,Personal
39990,5743,2019,Lexus,RX, New York, NY,0,1.0,Personal
2499,131017,2006,Mitsubishi,Galant, Hasbrouck Heights, NJ,2,2.0,Personal
10990,63546,2013,Ford,Fusion, New York, NY,0,2.0,Personal
20490,45069,2018,Chrysler,Pacifica, Bronx, NY,0,1.0,Personal
8900,162445,2015,Honda,Crosstour, Belford, NJ,1,1.0,Personal
19888,14065,2017,Ford,Escape, Long Island City, NY,3,1.0,Personal
19999,41232,2007,Chevrolet,Corvette, Hasbrouck Heights, NJ,0,3.0,Personal
13881,39842,2019,Volkswagen,Jetta, New York, NY,0,1.0,Personal
15995,42733,2017,Ford,Escape, Hackensack, NJ,0,1.0,Fleet
17444,22417,2017,Honda,Accord, Tenafly, NJ,0,1.0,Personal
23590,33870,2017,Ford,Explorer, New York, NY,0,1.0,Fleet
22300,63166,2017,Jeep,Grand Cherokee, Hazlet, NJ,0,1.0,Personal
19881,23760,2019,Chevrolet,Express Passenger, Avenel, NJ,0,1.0,Fleet
3490,93281,2008,Chrysler,300, Riverdale, NJ,0,4.0,Fleet
8900,77126,2014,Chevrolet,Equinox, Bronx, NY,0,2.0,Personal
14799,23980,2017,Honda,Civic, Union, NJ,0,1.0,Personal
39901,30134,2017,Mercedes-Benz,GLC, New York, NY,0,1.0,Personal
17016,28335,2017,Honda,Accord, Brooklyn, NY,0,1.0,Personal
2995,137363,2007,Nissan,Sentra, Elmhurst, NY,0,3.0,Personal
3247,154991,2005,Honda,Civic, Verona, NJ,1,1.0,Personal
42994,4674,2020,BMW,3 Series, Morristown, NJ,0,1.0,Personal
25900,29973,2017,Cadillac,XT5, Florham Park, NJ,0,2.0,Personal
7995,108077,2009,Lexus,IS, Union, NJ,0,4.0,Fleet
39490,5635,2019,Lexus,RX, New York, NY,0,1.0,Personal
14886,52059,2015,Nissan,Pathfinder, Blauvelt, NY,0,3.0,Personal
12905,34587,2017,Honda,Accord, Elizabeth, NJ,1,1.0,Personal
19999,93016,2015,BMW,X5, Union City, NJ,0,2.0,Fleet
18995,90068,2014,BMW,X5, Brooklyn, NY,1,4.0,Fleet
24344,32099,2017,Lexus,ES, Englewood, NJ,0,1.0,Personal
16897,28319,2019,Mitsubishi,Outlander, Jersey City, NJ,0,1.0,Personal
30686,15276,2018,Audi,A5, Secaucus, NJ,0,1.0,Personal
8972,98629,2009,BMW,5 Series, Jersey City, NJ,1,2.0,Fleet
5999,143095,2013,Honda,Civic, Teterboro, NJ,2,2.0,Personal
18590,12293,2019,Toyota,Camry, New York, NY,0,1.0,Personal
20999,25805,2017,Toyota,RAV4, Brooklyn, NY,0,1.0,Personal
17900,21661,2018,Toyota,RAV4, North Plainfield, NJ,0,1.0,Personal
14900,26602,2017,Honda,Accord, Old Bridge, NJ,0,1.0,Personal
18900,13057,2019,Nissan,Rogue, Hillside, NJ,0,1.0,Personal
25888,9991,2018,Jeep,Grand Cherokee, Long Island City, NY,0,1.0,Fleet
19333,28631,2017,Honda,Civic, Tenafly, NJ,0,1.0,Personal
11900,82111,2007,Ford,Econoline Commercial Cutaway, Hasbrouck Heights, NJ,3,1.0,Personal
18990,25399,2019,Chevrolet,Impala, New York, NY,0,1.0,Personal
4995,143000,2006,Mercedes-Benz,M-Class, Staten Island, NY,0,6.0,Personal
32286,41418,2017,Audi,Q7, Secaucus, NJ,0,1.0,Personal
15999,32509,2017,Toyota,Camry, Brooklyn, NY,0,1.0,Personal
27136,27903,2017,Ford,Explorer, Keyport, NJ,0,1.0,Personal
19990,24502,2017,Ford,Edge, New York, NY,0,1.0,Fleet
18500,33839,2017,Ford,Escape, Butler, NJ,0,1.0,Fleet
18995,17234,2017,Honda,Accord, Edison, NJ,0,1.0,Personal
8995,72282,2013,Toyota,Venza, Ridgewood, NY,2,2.0,Fleet
4999,124334,2012,Scion,tC, Paterson, NJ,1,2.0,Personal
19459,11265,2015,Ford,Edge, Hackensack, NJ,0,1.0,Fleet
13448,46287,2018,Chevrolet,Malibu, Hillside, NJ,0,1.0,Personal
10900,38694,2018,Nissan,Sentra, Florham Park, NJ,0,1.0,Personal
18295,55152,2016,BMW,4 Series, Saddle Brook, NJ,0,1.0,Personal
10990,45094,2014,Volkswagen,Passat, New York, NY,0,3.0,Personal
11999,87201,2012,Mercedes-Benz,E-Class, Jamaica, NY,0,2.0,Personal
14000,33810,2017,Honda,Civic, Old Bridge, NJ,1,1.0,Personal
6995,113900,2013,Ford,Fusion, Garfield, NJ,0,3.0,Fleet
59901,11586,2017,Mercedes-Benz,GLE, New York, NY,0,1.0,Personal
26949,18820,2017,Volvo,XC60, New York, NY,0,1.0,Personal
6677,100267,2009,Subaru,Impreza, Bloomfield, NJ,0,2.0,Fleet
80995,26738,2017,Porsche,911, New York, NY,0,1.0,Personal
9942,85687,2013,Ford,Fusion, Carlstadt, NJ,0,3.0,Fleet
24995,119125,2012,Jeep,Grand Cherokee, Newark, NJ,1,5.0,Personal
5499,128559,2010,Mitsubishi,Lancer, Union City, NJ,0,4.0,Personal
62901,27112,2017,Mercedes-Benz,S-Class, New York, NY,0,1.0,Personal
36798,6715,2020,Volvo,V60 Cross Country, New York, NY,0,1.0,Personal
14542,20132,2015,Honda,Accord, Carlstadt, NJ,0,2.0,Personal
83806,8245,2016,Mercedes-Benz,AMG GT, New York, NY,0,2.0,Personal
38286,5386,2019,Audi,A5, Secaucus, NJ,0,1.0,Personal
17995,64155,2015,BMW,4 Series, Newark, NJ,0,1.0,Fleet
116901,37568,2018,Mercedes-Benz,S-Class, New York, NY,0,1.0,Personal
9990,93406,2016,Ford,Transit Connect Wagon, Newark, NJ,0,1.0,Fleet
20398,32266,2019,Toyota,Camry, Brooklyn, NY,0,1.0,Personal
21995,48892,2017,Mercedes-Benz,C-Class, Union City, NJ,0,1.0,Personal
49901,26759,2017,Mercedes-Benz,GLS, New York, NY,0,1.0,Personal
20498,30278,2019,Toyota,Camry, Brooklyn, NY,0,1.0,Personal
22995,70937,2016,Mercedes-Benz,GLC, Union City, NJ,0,2.0,Personal
8900,36542,2017,Hyundai,Elantra, Hillside, NJ,2,1.0,Personal
7495,118378,2008,Subaru,Tribeca, Bayonne, NJ,0,2.0,Personal
16995,58515,2011,Mercedes-Benz,GL, Bayonne, NJ,0,3.0,Fleet
34727,34937,2018,Volvo,XC60, New York, NY,0,1.0,Personal
105995,2932,2017,Porsche,911, New York, NY,0,1.0,Personal
15985,85220,2016,Mazda,CX-5, Union City, NJ,0,2.0,Personal
17900,62074,2015,Hyundai,Genesis, Kearny, NJ,0,2.0,Fleet
26895,29989,2017,Jeep,Grand Cherokee, New York, NY,0,1.0,Personal
22999,30982,2016,Mercedes-Benz,GLA, Union City, NJ,0,2.0,Fleet
26990,30898,2017,Jeep,Grand Cherokee, New York, NY,0,1.0,Personal
17995,90750,2018,Honda,Accord, Long Island City, NY,0,1.0,Personal
105995,15470,2008,Bentley,Azure, New York, NY,0,4.0,Personal
7899,97039,2013,Ford,Taurus, Newark, NJ,1,2.0,Personal
9472,106391,2009,Lincoln,Town Car, Jersey City, NJ,0,2.0,Personal
6495,90991,2014,Volkswagen,Passat, Newark, NJ,2,2.0,Personal
21895,14392,2016,Jeep,Grand Cherokee, New York, NY,0,1.0,Personal
27505,28449,2017,Volvo,S90, New York, NY,0,1.0,Personal
12999,49451,2015,Honda,Civic, Union City, NJ,0,2.0,Fleet
10500,115967,2007,Mercedes-Benz,S-Class, Long Island City, NY,0,5.0,Fleet
39995,22501,2019,Volvo,XC90, New York, NY,0,1.0,Personal
17697,18236,2019,Mitsubishi,Outlander, New York, NY,0,1.0,Personal
12999,77828,2016,Honda,Odyssey, Newark, NJ,0,1.0,Personal
7500,88915,2009,BMW,3 Series, Kearny, NJ,1,4.0,Personal
13995,65538,2011,BMW,X3, Union City, NJ,0,2.0,Personal
36900,34069,2018,Volvo,XC90, New York, NY,0,1.0,Personal
89901,487,2019,Mercedes-Benz,C-Class, New York, NY,0,1.0,Personal
5399,149989,2009,BMW,3 Series, Brooklyn, NY,3,3.0,Personal
20999,25805,2017,Toyota,RAV4, Brooklyn, NY,0,1.0,Personal
18988,39316,2017,Honda,Accord, Bloomfield, NJ,0,2.0,Personal
38901,12925,2017,Mercedes-Benz,E-Class, New York, NY,0,1.0,Personal
19999,22214,2017,Subaru,Forester, Bloomfield, NJ,0,1.0,Personal
9999,41310,2016,Ford,Focus, Brooklyn, NY,0,1.0,Personal
14995,54326,2015,Honda,Accord, Union City, NJ,0,2.0,Personal
15999,32509,2017,Toyota,Camry, Brooklyn, NY,0,1.0,Personal
13495,98393,2014,Ford,Explorer, Newark, NJ,0,3.0,Personal
13942,62542,2015,Ford,Mustang, Carlstadt, NJ,0,4.0,Fleet
16656,80248,2010,Mercedes-Benz,S-Class, Bloomfield, NJ,1,3.0,Fleet
6742,62616,2014,Volkswagen,Jetta, Carlstadt, NJ,0,3.0,Personal
26497,24759,2019,Ford,Flex, New York, NY,0,1.0,Personal
20398,30895,2019,Toyota,Camry, Brooklyn, NY,0,1.0,Personal
15999,78173,2015,BMW,5 Series, Union City, NJ,0,3.0,Fleet
22990,44737,2017,Ford,Explorer, New York, NY,0,2.0,Personal
28987,33850,2017,Lexus,RX, Larchmont, NY,0,1.0,Personal
4800,160150,2007,Ford,Econoline Cargo Van, Elmhurst, NY,1,3.0,Fleet
15895,8701,2017,Honda,Civic, Paramus, NJ,0,1.0,Personal
8599,160446,2007,Dodge,Ram 3500, Garfield, NJ,0,2.0,Personal
2699,136196,2010,Chevrolet,Impala, Garfield, NJ,0,4.0,Personal
8999,139907,2006,Dodge,Ram 2500, Garfield, NJ,1,1.0,Personal
14495,31014,2019,Hyundai,Tucson, Bayonne, NJ,0,1.0,Personal
7799,105097,2009,Lexus,ES, Hasbrouck Heights, NJ,2,3.0,Personal
24891,22502,2017,Lexus,ES, Larchmont, NY,0,1.0,Personal
17500,31671,2019,Toyota,Camry, Hillside, NJ,1,1.0,Personal
25900,26533,2019,Dodge,Charger, Rahway, NJ,0,1.0,Personal
9495,111121,2010,Ford,F-150, Newark, NJ,0,3.0,Personal
24995,18416,2017,Lexus,ES, Ramsey, NJ,0,1.0,Personal
30447,23171,2017,Lexus,RX, Larchmont, NY,0,1.0,Personal
12995,29629,2017,Ford,Fusion, Brooklyn, NY,1,1.0,Personal
72495,19457,2017,Mercedes-Benz,GLE, Union, NJ,0,1.0,Personal
13988,37119,2018,Nissan,Altima, Yonkers, NY,0,1.0,Personal
7965,111407,2016,Ford,Fusion, Vauxhall, NJ,0,2.0,Personal
16225,45432,2017,Nissan,Rogue, Hackensack, NJ,0,1.0,Personal
12785,32398,2017,Honda,Civic, Elmont, NY,0,1.0,Fleet
14900,37191,2019,Ford,Fusion, Hillside, NJ,0,1.0,Personal
24391,58351,2017,Jeep,Grand Cherokee, Little Ferry, NJ,1,2.0,Personal
21590,54791,2017,Ford,Explorer, New York, NY,0,2.0,Fleet
23759,35425,2017,Lexus,ES, Ramsey, NJ,0,1.0,Personal
18999,40390,2017,Lincoln,MKC, Englewood, NJ,0,2.0,Personal
10995,129982,2017,Kia,Optima, Newark, NJ,0,1.0,Personal
10590,48617,2013,Volkswagen,Passat, New York, NY,0,4.0,Personal
14990,21732,2017,Ford,Fusion, New York, NY,0,2.0,Personal
8973,101516,2011,Volvo,C70, Jersey City, NJ,0,3.0,Personal
17495,11306,2019,Toyota,Camry, Long Island City, NY,1,1.0,Fleet
11590,58591,2014,Volkswagen,Passat, New York, NY,0,4.0,Personal
12995,47442,2017,Hyundai,Sonata, Union City, NJ,0,1.0,Personal
13490,36875,2017,Honda,Civic, Elmwood Park, NJ,0,2.0,Personal
12590,28589,2014,Volkswagen,Passat, New York, NY,0,3.0,Personal
15590,35531,2017,Chevrolet,Equinox, New York, NY,0,1.0,Personal
3972,133186,2010,Kia,Forte, Jersey City, NJ,0,2.0,Personal
15297,24433,2019,Kia,Soul, Jersey City, NJ,0,1.0,Personal
20990,33684,2017,Jeep,Grand Cherokee, New York, NY,0,1.0,Fleet
10988,40525,2017,Nissan,Sentra, Long Island City, NY,0,2.0,Personal
41461,4677,2020,Mercedes-Benz,GLC, Paramus, NJ,0,1.0,Personal
40671,3872,2020,Mercedes-Benz,C-Class, Paramus, NJ,0,1.0,Personal
5800,112908,2010,Ford,Transit Connect Van, Elmhurst, NY,0,6.0,Personal
11888,15323,2019,Nissan,Sentra, Jamaica, NY,0,1.0,Personal
13881,31974,2017,Honda,Accord, Avenel, NJ,0,1.0,Personal
26990,17313,2019,Cadillac,XTS, New York, NY,0,1.0,Personal
39990,7686,2019,Lexus,RX, New York, NY,0,1.0,Personal
31686,26739,2017,Audi,S3, Secaucus, NJ,0,1.0,Personal
11495,100098,2014,Ford,Explorer, Elizabeth, NJ,0,1.0,Personal
25495,32369,2017,Ford,Explorer, Hackensack, NJ,0,1.0,Personal
9995,80898,2011,Audi,Q5, Saddle Brook, NJ,0,3.0,Personal
13990,29910,2017,Ford,Fusion, New York, NY,0,1.0,Personal
15490,46024,2017,Ford,Escape, Watchung, NJ,0,1.0,Personal
15208,29879,2017,Toyota,Camry, Hillside, NJ,0,1.0,Personal
8895,124095,2013,Acura,ILX, Verona, NJ,0,1.0,Personal
12999,63718,2014,Mercedes-Benz,CLA, Brooklyn, NY,0,3.0,Personal
12980,12395,2017,Honda,Civic, Avenel, NJ,1,1.0,Personal
33994,4803,2020,BMW,X2, Morristown, NJ,0,1.0,Personal
18598,19708,2017,Toyota,RAV4, Valley Stream, NY,1,1.0,Personal
18500,20000,2019,Jeep,Compass, Bayonne, NJ,0,2.0,Fleet
20500,17258,2017,Toyota,RAV4, Bronx, NY,0,1.0,Personal
28945,48486,2016,Mercedes-Benz,Sprinter Passenger Van, Hasbrouck Heights, NJ,0,1.0,Personal
33286,4361,2019,Audi,A4, Secaucus, NJ,0,1.0,Personal
15295,33115,2017,Honda,Accord, Union, NJ,0,1.0,Personal
25404,29907,2017,Jeep,Grand Cherokee, Hazlet, NJ,0,1.0,Personal
20990,36300,2017,Jeep,Grand Cherokee, New York, NY,0,1.0,Personal
17995,69162,2017,BMW,X3, Colonia, NJ,0,1.0,Personal
12990,22239,2017,Chevrolet,Cruze, New York, NY,0,1.0,Personal
40990,9079,2019,Lexus,RX, New York, NY,0,1.0,Personal
10993,43109,2018,Kia,Soul, Jamaica, NY,0,1.0,Personal
8995,163331,2012,Ford,Econoline Wagon, Ridgewood, NY,0,2.0,Personal
9495,89362,2011,GMC,Acadia, Middletown, NJ,2,4.0,Personal
17995,68129,2017,BMW,3 Series, Hasbrouck Heights, NJ,0,2.0,Personal
10590,54130,2013,Volkswagen,Passat, New York, NY,0,1.0,Personal
19750,43672,2017,Audi,Q5, Avenel, NJ,0,1.0,Personal
16100,21000,2017,Honda,Accord, Old Bridge, NJ,0,1.0,Personal
11995,97465,2012,Jeep,Grand Cherokee, Newark, NJ,0,2.0,Personal
11999,103255,2017,Ram,1500, Brooklyn, NY,0,1.0,Personal
11495,42308,2018,Nissan,Altima, Bayonne, NJ,0,1.0,Personal
3581,88288,2001,Chevrolet,S-10, New York, NY,0,5.0,Personal
12489,54794,2017,Nissan,Rogue, Long Island City, NY,0,1.0,Personal
10990,53417,2014,Volkswagen,Passat, New York, NY,0,3.0,Personal
2699,167012,2005,Chevrolet,Trailblazer, Garfield, NJ,0,2.0,Personal
28886,29380,2018,Audi,Q5, Secaucus, NJ,0,2.0,Personal
23599,25055,2017,Lexus,ES, Ramsey, NJ,1,1.0,Personal
16942,59871,2017,Chevrolet,Traverse, Carlstadt, NJ,2,2.0,Personal
9949,44916,2015,Kia,Optima, Yonkers, NY,0,3.0,Personal
7995,83912,2014,Volkswagen,Passat, Union, NJ,1,1.0,Personal
32788,10791,2017,Jeep,Wrangler, Bayside, NY,0,2.0,Personal
3995,122327,2008,Chrysler,Town & Country, Elmhurst, NY,3,5.0,Personal
35939,41154,2018,Mercedes-Benz,GLE, Englewood, NJ,0,1.0,Personal
9900,140075,2013,Ford,Econoline Wagon, Hillside, NJ,0,2.0,Personal
15988,41803,2016,Nissan,Rogue, Bloomfield, NJ,0,1.0,Fleet
6995,117212,2012,Chevrolet,Traverse, Saddle Brook, NJ,0,2.0,Personal
10575,81449,2015,Chevrolet,Equinox, Keyport, NJ,0,1.0,Personal
19998,18642,2017,Toyota,RAV4, Brooklyn, NY,0,1.0,Personal
12150,72513,2013,Mercedes-Benz,GLK, Avenel, NJ,0,2.0,Personal
13350,58708,2017,Nissan,Rogue, Bronx, NY,0,1.0,Personal
15795,11824,2017,Honda,Civic, Paramus, NJ,0,1.0,Personal
11898,57658,2017,Nissan,Rogue, Yonkers, NY,1,2.0,Fleet
6899,177602,2008,Toyota,Tundra, Garfield, NJ,0,1.0,Personal
17590,25422,2018,Chevrolet,Equinox, New York, NY,0,1.0,Personal
5450,158210,2004,Chevrolet,Tahoe, Brooklyn, NY,1,6.0,Personal
26000,22500,2017,Ford,Explorer, Butler, NJ,0,1.0,Personal
40495,7012,2019,Lexus,RX, New York, NY,0,1.0,Personal
47415,30654,2019,Ford,Expedition, Hasbrouck Heights, NJ,0,1.0,Personal
15900,31442,2017,Chevrolet,Malibu, Forest Hills, NY,1,1.0,Personal
12995,29723,2017,Nissan,Rogue, Long Island City, NY,1,1.0,Personal
4995,166228,2009,Jeep,Liberty, Garfield, NJ,0,3.0,Personal
29990,30808,2019,Ram,1500, New York, NY,0,1.0,Personal
18310,32199,2019,Nissan,Rogue, Jersey City, NJ,0,1.0,Personal
19871,24609,2017,Chevrolet,Equinox, Hawthorne, NJ,0,1.0,Personal
29995,51697,2017,BMW,X5, Teterboro, NJ,0,1.0,Personal
19990,30653,2017,Subaru,WRX, Elmhurst, NY,0,1.0,Personal
21990,42375,2017,Ford,Explorer, New York, NY,0,1.0,Personal
19750,27692,2017,Mercedes-Benz,C-Class, Avenel, NJ,1,1.0,Personal
35995,4507,2020,Land,Rover Discovery Sport, Edison, NJ,0,1.0,Personal
15900,27651,2016,Mazda,CX-5, Wayne, NJ,0,2.0,Personal
4995,128427,2009,Toyota,Camry, Lodi, NJ,3,7.0,Personal
48500,29090,2015,Maserati,GranTurismo, New York, NY,0,2.0,Personal
14905,29103,2017,Acura,TLX, Elizabeth, NJ,1,1.0,Personal
12995,34451,2017,Honda,Civic, Elizabeth, NJ,0,2.0,Personal
12891,40860,2017,Nissan,Rogue, Long Island City, NY,0,1.0,Personal
9500,40823,2016,Kia,Soul, Hillside, NJ,1,1.0,Personal
38392,5819,2019,Audi,A5, Secaucus, NJ,1,1.0,Personal
35801,16482,2017,Mercedes-Benz,GLC, New York, NY,0,1.0,Personal
16998,32065,2017,Volvo,S60, Hasbrouck Heights, NJ,0,1.0,Personal
13995,6797,2019,Mitsubishi,Outlander Sport, Newark, NJ,1,1.0,Fleet
74901,19319,2019,Mercedes-Benz,GLS, New York, NY,0,1.0,Personal
19999,52047,2016,Ford,Explorer, Union City, NJ,0,2.0,Fleet
14542,61060,2016,Volvo,XC60, Carlstadt, NJ,0,1.0,Personal
10998,87749,2014,Honda,CR-V, Hasbrouck Heights, NJ,0,1.0,Personal
9900,9304,2019,Ford,Fiesta, Hillside, NJ,0,1.0,Personal
31998,19181,2018,Volvo,S90, New York, NY,0,1.0,Personal
9500,37153,2018,Ford,Focus, Hillside, NJ,1,2.0,Personal
21249,23235,2019,Hyundai,Santa Fe, Bloomfield, NJ,1,1.0,Personal
67995,7396,2019,Porsche,Cayenne, New York, NY,0,1.0,Personal
14242,11271,2019,Toyota,Corolla, Carlstadt, NJ,1,1.0,Personal
19888,14065,2017,Ford,Escape, Long Island City, NY,3,1.0,Personal
19905,33345,2018,Ford,Explorer, Elizabeth, NJ,1,1.0,Personal
19477,39654,2017,Subaru,Forester, Bloomfield, NJ,0,1.0,Personal
68999,27421,2015,Nissan,GT-R, Staten Island, NY,0,2.0,Personal
11495,100098,2014,Ford,Explorer, Elizabeth, NJ,0,1.0,Personal
230995,9929,2019,Lamborghini,Urus, New York, NY,0,1.0,Personal
4500,149999,2008,Volkswagen,Jetta, Kearny, NJ,0,4.0,Personal
40995,20488,2018,Porsche,Macan, New York, NY,0,1.0,Personal
22972,115437,2015,BMW,4 Series, Jersey City, NJ,0,3.0,Personal
39986,6540,2019,Audi,A5, Secaucus, NJ,0,1.0,Personal
17800,92613,2013,Subaru,Impreza WRX, Jersey City, NJ,0,1.0,Personal
16942,65372,2017,Mercedes-Benz,Metris Passenger Van, Carlstadt, NJ,0,1.0,Personal
35998,15794,2017,Volvo,XC90, New York, NY,0,1.0,Personal
11599,115458,2011,Jeep,Grand Cherokee, Union City, NJ,0,3.0,Personal
7981,48289,2013,Volkswagen,Jetta, New York, NY,0,2.0,Personal
7950,133794,2012,GMC,Acadia, Hillside, NJ,0,2.0,Personal
12642,93784,2010,Ford,F-150, Carlstadt, NJ,0,2.0,Personal
29995,15147,2017,Lexus,NX, New York, NY,0,1.0,Personal
12859,23576,2017,Nissan,Sentra, Brooklyn, NY,0,2.0,Fleet
4995,167738,2012,Toyota,Prius, Hasbrouck Heights, NJ,3,3.0,Personal
48595,18069,2019,Volvo,XC90, New York, NY,0,,Personal
15208,29879,2017,Toyota,Camry, Hillside, NJ,0,1.0,Personal
25888,9991,2018,Jeep,Grand Cherokee, Long Island City, NY,0,1.0,Fleet
2200,185900,2005,Mitsubishi,Endeavor, Staten Island, NY,0,4.0,Personal
18900,13057,2019,Nissan,Rogue, Hillside, NJ,0,1.0,Personal
33686,5665,2019,Audi,A4, Secaucus, NJ,0,1.0,Personal
28480,31715,2016,Volvo,XC70, New York, NY,0,1.0,Personal
12999,142077,2014,Chrysler,300, Brooklyn, NY,0,2.0,Personal
17999,37240,2017,Honda,Accord, Union City, NJ,1,1.0,Personal
13450,108441,2014,Honda,Civic, Jersey City, NJ,0,2.0,Personal
10982,125988,2012,Chevrolet,Silverado 1500, Hasbrouck Heights, NJ,2,1.0,Personal
13905,38766,2017,Toyota,RAV4, Elizabeth, NJ,1,1.0,Personal
6995,169905,2010,Toyota,Sienna, Newark, NJ,0,2.0,Personal
17888,19112,2017,Honda,HR-V, Brooklyn, NY,0,1.0,Personal
7800,95090,2015,Hyundai,Sonata, Brooklyn, NY,0,1.0,Personal
13981,78507,2017,Honda,Accord, Long Island City, NY,0,1.0,Personal
125995,9298,2015,Porsche,911, New York, NY,0,2.0,Personal
2795,172400,1999,Honda,CR-V, Staten Island, NY,2,2.0,Personal
21995,53669,2015,Honda,Odyssey, Union City, NJ,0,1.0,Personal
34999,44563,2017,Volvo,V90 Cross Country, New York, NY,0,1.0,Personal
7750,121777,2007,BMW,X5, Brooklyn, NY,0,4.0,Personal
14500,35369,2017,Toyota,Camry, Hillside, NJ,0,2.0,Personal
23574,23496,2017,Mercedes-Benz,CLA, Long Island City, NY,1,1.0,Personal
18690,19951,2019,Honda,Accord, Elmhurst, NY,0,1.0,Personal
18995,90068,2014,BMW,X5, Brooklyn, NY,1,4.0,Fleet
27998,30453,2017,Toyota,RAV4, Brooklyn, NY,0,2.0,Personal
1995,232753,2000,Nissan,Xterra, Hasbrouck Heights, NJ,1,5.0,Personal
24295,18354,2016,Lexus,ES, Brooklyn, NY,0,1.0,Personal
5695,64835,2006,Nissan,Altima, Belleville, NJ,1,4.0,Personal
23792,85908,2014,BMW,X6, Jersey City, NJ,0,2.0,Personal
15499,114290,2016,Honda,CR-V, Union City, NJ,0,1.0,Personal
18905,47081,2017,Ford,Explorer, Elizabeth, NJ,0,1.0,Personal
27972,78293,2013,Mercedes-Benz,GL, Jersey City, NJ,0,1.0,Personal
22397,24914,2019,Toyota,RAV4, New York, NY,0,1.0,Personal
16995,27668,2018,Toyota,Camry, Newark, NJ,0,2.0,Personal
4500,131568,2010,Nissan,Rogue, Hillside, NJ,0,3.0,Personal
25995,54843,2017,Jeep,Grand Cherokee, Union City, NJ,1,1.0,Personal
11542,81813,2013,BMW,5 Series, Carlstadt, NJ,0,2.0,Fleet
19995,7753,2020,Nissan,Altima, Newark, NJ,0,1.0,Fleet
8900,47482,2017,Hyundai,Elantra, Hillside, NJ,2,3.0,Personal
12495,110616,2013,INFINITI,JX35, Union City, NJ,0,2.0,Personal
5295,130782,2013,Nissan,Sentra, Newark, NJ,0,2.0,Fleet
14966,9738,2019,Nissan,Sentra, Bloomfield, NJ,0,1.0,Personal
15900,53819,2016,Mercedes-Benz,Metris Passenger Van, Hillside, NJ,0,2.0,Personal
15995,51019,2017,Hyundai,Santa Fe Sport, Long Island City, NY,0,1.0,Personal
20495,26922,2015,Nissan,Armada, Brooklyn, NY,0,1.0,Personal
17495,34719,2017,Audi,A4, Elizabeth, NJ,1,1.0,Fleet
12990,52977,2018,Honda,HR-V, Elmhurst, NY,0,1.0,Personal
21995,67842,2017,Dodge,Durango, Brooklyn, NY,0,1.0,Personal
8570,94966,2015,Nissan,Altima, Bloomfield, NJ,0,3.0,Fleet
38686,5649,2019,Audi,A5, Secaucus, NJ,0,1.0,Personal
15995,67211,2013,Toyota,Sienna, Union City, NJ,1,1.0,Personal
17495,34719,2017,Audi,A4, Elizabeth, NJ,1,1.0,Fleet
15905,33099,2019,Nissan,Altima, Hackensack, NJ,0,1.0,Personal
9995,125102,2014,Toyota,Sienna, Brooklyn, NY,0,2.0,Personal
12995,110020,2016,Ford,Edge, Bayonne, NJ,0,1.0,Personal
8995,118180,2009,Toyota,Venza, Union City, NJ,0,1.0,Personal
14499,57650,2012,Lexus,RX, Teterboro, NJ,0,1.0,Personal
21249,23235,2019,Hyundai,Santa Fe, Bloomfield, NJ,1,1.0,Personal
27995,45658,2018,Toyota,Highlander, Ridgewood, NY,0,1.0,Fleet
2999,139628,2008,Chevrolet,Equinox, Garfield, NJ,0,4.0,Personal
4999,148870,2009,Volvo,XC70, Garfield, NJ,0,3.0,Personal
16990,21368,2018,Chevrolet,Equinox, New York, NY,0,1.0,Personal
26872,25625,2017,Jeep,Grand Cherokee, Hazlet, NJ,0,1.0,Personal
39995,3533,2020,Mercedes-Benz,CLA, Union, NJ,0,1.0,Personal
31495,39448,2016,Land,Rover Range Rover Sport, Bronx, NY,1,1.0,Personal
9990,101828,2013,Chevrolet,Volt, New York, NY,0,1.0,Personal
17984,88193,2013,BMW,7 Series, Jersey City, NJ,0,2.0,Personal
18453,61021,2013,GMC,Acadia, Elizabeth, NJ,1,1.0,Personal
47990,40663,2017,Tesla,Model S, New York, NY,0,2.0,Personal
8995,87088,2015,Volkswagen,Jetta, Elmhurst, NY,0,1.0,Personal
18495,34696,2017,Volvo,S60, Hasbrouck Heights, NJ,0,1.0,Personal
13990,30478,2019,Nissan,Sentra, New York, NY,0,1.0,Personal
9942,85687,2013,Ford,Fusion, Carlstadt, NJ,0,3.0,Fleet
20968,16953,2017,Nissan,Rogue, Hillside, NJ,1,1.0,Personal
19477,39654,2017,Subaru,Forester, Bloomfield, NJ,0,1.0,Personal
13449,103284,2008,Lexus,LS, Verona, NJ,0,1.0,Personal
11994,11190,2016,Chevrolet,Cruze, Forest Hills, NY,0,1.0,Personal
10990,52011,2014,Volkswagen,Passat, New York, NY,0,2.0,Fleet
28990,73016,2016,Porsche,Macan, New York, NY,0,2.0,Personal
17295,35635,2017,Honda,Accord, Union, NJ,0,2.0,Personal
15500,23662,2017,Toyota,Camry, Mamaroneck, NY,0,1.0,Personal
26590,22004,2017,Jeep,Grand Cherokee, New York, NY,0,1.0,Personal
14990,35938,2017,Ford,Escape, New York, NY,0,1.0,Personal
18799,116499,2013,Jeep,Wrangler, Union City, NJ,1,2.0,Personal
8990,32324,2017,Nissan,Sentra, Elmhurst, NY,0,1.0,Personal
10895,33198,2017,Nissan,Altima, Lodi, NJ,0,1.0,Personal
32990,45837,2018,Audi,S4, Elmhurst, NY,0,1.0,Personal
14495,28268,2019,Hyundai,Tucson, Bayonne, NJ,0,1.0,Personal
14542,20132,2015,Honda,Accord, Carlstadt, NJ,0,2.0,Personal
14980,33678,2017,Nissan,Rogue, Yonkers, NY,0,2.0,Personal
25797,29042,2018,Audi,A5, Little Falls, NJ,1,3.0,Personal
8999,102312,2016,Toyota,Corolla, Irvington, NJ,0,2.0,Fleet
4999,165920,2009,Toyota,Avalon, Garfield, NJ,0,1.0,Personal
14900,59565,2017,Toyota,Camry, New York, NY,0,2.0,Fleet
2995,85785,2007,Ford,Freestyle, Garfield, NJ,3,3.0,Personal
13888,27176,2017,Nissan,Sentra, Bronx, NY,0,1.0,Personal
27495,60200,2015,Lexus,GX, New York, NY,0,1.0,Personal
17145,19004,2017,Honda,Accord, Brooklyn, NY,0,1.0,Personal
24897,39339,2019,Mazda,CX-9, New York, NY,0,1.0,Personal
38439,12163,2020,Mercedes-Benz,GLC, Englewood, NJ,0,1.0,Personal
16295,21805,2017,Honda,Accord, Union, NJ,0,1.0,Personal
9990,10082,2017,Nissan,Sentra, Elmhurst, NY,0,1.0,Personal
18070,35518,2019,Nissan,Rogue, Jersey City, NJ,0,1.0,Personal
17990,32065,2017,Buick,Envision, New York, NY,0,1.0,Personal
16750,40949,2017,INFINITI,QX50, Avenel, NJ,1,1.0,Personal
16903,3797,2019,Nissan,Altima, Yonkers, NY,0,1.0,Personal
9995,81711,2008,Lexus,RX, Hasbrouck Heights, NJ,0,3.0,Personal
32195,17428,2017,Mercedes-Benz,E-Class, Hasbrouck Heights, NJ,0,1.0,Personal
15927,15369,2017,Honda,Accord, West Caldwell, NJ,0,1.0,Personal
22792,85399,2014,BMW,6 Series, Jersey City, NJ,0,3.0,Fleet
5995,97783,2014,Volkswagen,Jetta, Saddle Brook, NJ,0,1.0,Personal
15997,35412,2020,Toyota,Corolla, New York, NY,0,1.0,Personal
29536,29705,2016,Ford,F-150, Keyport, NJ,0,1.0,Personal
25246,31542,2017,Lexus,ES, Edison, NJ,0,1.0,Personal
5595,163479,2008,BMW,3 Series, Jamaica, NY,0,4.0,Personal
16990,9243,2019,Kia,Optima, New York, NY,0,1.0,Fleet
20900,25711,2017,Jeep,Grand Cherokee, Florham Park, NJ,0,1.0,Personal
11297,29921,2019,Ford,Fiesta, New York, NY,0,1.0,Personal
18058,62255,2015,Mercedes-Benz,M-Class, Forest Hills, NY,1,3.0,Personal
13995,66262,2014,Audi,A4, Union City, NJ,0,1.0,Personal
3999,154025,2008,Jeep,Grand Cherokee, Garfield, NJ,0,1.0,Personal
30894,19749,2017,BMW,3 Series, Morristown, NJ,0,1.0,Personal
10900,9040,2017,Kia,Forte, Hillside, NJ,0,1.0,Personal
14498,136495,2015,Ford,Explorer, South Hackensack, NJ,1,1.0,Personal
10997,24059,2015,Kia,Optima, Hillside, NJ,0,1.0,Personal
12900,10618,2019,Hyundai,Elantra, Hillside, NJ,0,1.0,Personal
5495,50120,2008,Ford,Taurus, Saddle Brook, NJ,0,2.0,Personal
19795,27522,2017,Honda,Accord, Paramus, NJ,0,1.0,Personal
27688,53412,2016,Lexus,GX, Little Falls, NJ,0,1.0,Fleet
23995,20351,2017,Mercedes-Benz,C-Class, Elizabeth, NJ,1,1.0,Personal
15275,45410,2017,Nissan,Rogue, Belford, NJ,0,1.0,Personal
14680,11715,2019,Hyundai,Sonata, Wayne, NJ,0,1.0,Personal
4495,128776,2011,Nissan,Sentra, Belleville, NJ,0,2.0,Personal
23722,7959,2017,Chrysler,Pacifica, Forest Hills, NY,0,1.0,Personal
9998,87310,2010,Mercedes-Benz,GLK, Yonkers, NY,0,4.0,Personal
17990,7126,2017,Toyota,Camry, New York, NY,0,1.0,Personal
4995,150452,2006,BMW,3 Series, Garfield, NJ,2,2.0,Personal
13990,47830,2017,Nissan,Altima, New York, NY,0,1.0,Fleet
5995,115116,2011,Ford,Escape, Long Island City, NY,2,4.0,Fleet
4900,174454,2011,GMC,Acadia, Hillside, NJ,2,4.0,Personal
16990,54734,2017,Acura,RDX, Elmhurst, NY,0,1.0,Personal
18995,25989,2017,Honda,Accord, Union City, NJ,0,1.0,Personal
15981,61727,2016,Volkswagen,Jetta, New York, NY,0,1.0,Personal
16536,29588,2017,Honda,Accord, Union, NJ,0,1.0,Personal
14990,19318,2017,Toyota,RAV4, Elmhurst, NY,0,1.0,Personal
16542,11615,2019,Subaru,Impreza, Carlstadt, NJ,0,1.0,Fleet
3999,109811,2007,Jeep,Liberty, Teterboro, NJ,0,3.0,Personal
18488,1130,2019,Subaru,Impreza, Bloomfield, NJ,0,1.0,Personal
16995,72397,2016,Honda,Odyssey, Union City, NJ,0,2.0,Personal
5795,78100,2009,Kia,Sorento, Lyndhurst, NJ,0,4.0,Personal
21900,27027,2017,Hyundai,Tucson, Kearny, NJ,0,1.0,Personal
13555,19458,2019,Kia,Optima, Newark, NJ,0,2.0,Fleet
9995,114168,2012,BMW,5 Series, Bayonne, NJ,0,4.0,Fleet
35706,23269,2017,Mercedes-Benz,GLC, New York, NY,0,1.0,Personal
26905,49043,2017,BMW,X5, Elizabeth, NJ,0,1.0,Personal
12599,95345,2012,BMW,X5, Brooklyn, NY,0,2.0,Personal
7942,89951,2012,Toyota,Corolla, Carlstadt, NJ,1,3.0,Personal
26995,13023,2017,Lexus,IS, New York, NY,0,1.0,Personal
26295,29765,2018,Mercedes-Benz,C-Class, Hasbrouck Heights, NJ,0,1.0,Personal
17542,35916,2017,GMC,Savana Passenger, Carlstadt, NJ,0,1.0,Personal
19501,52979,2017,Lincoln,MKX, Verona, NJ,0,4.0,Fleet
59901,37478,2017,Mercedes-Benz,S-Class, New York, NY,0,2.0,Personal
49686,16588,2018,Audi,Q7, Secaucus, NJ,1,1.0,Personal
10900,9040,2017,Kia,Forte, Hillside, NJ,0,1.0,Personal
14495,123686,2016,Ford,Explorer, Elizabeth, NJ,1,1.0,Personal
12900,10618,2019,Hyundai,Elantra, Hillside, NJ,0,1.0,Personal
9995,125102,2014,Toyota,Sienna, Brooklyn, NY,0,2.0,Personal
5995,115116,2011,Ford,Escape, Long Island City, NY,2,4.0,Fleet
13642,42701,2018,Chevrolet,Malibu, Carlstadt, NJ,0,1.0,Fleet
16428,39284,2017,Nissan,Rogue, Hillside, NJ,0,1.0,Personal
42999,7221,2019,Mercedes-Benz,GLC, Union, NJ,0,1.0,Personal
42999,5969,2019,Mercedes-Benz,GLC, Union, NJ,0,1.0,Personal
43862,4698,2020,Mercedes-Benz,GLC, Paramus, NJ,0,1.0,Personal
24995,33564,2016,Volvo,XC60, Hasbrouck Heights, NJ,0,1.0,Personal
19990,52323,2017,Ford,Edge, New York, NY,0,2.0,Fleet
17495,48889,2017,Ford,Escape, Hackensack, NJ,0,1.0,Personal
22097,29977,2019,Nissan,Maxima, New York, NY,0,1.0,Personal
10255,35864,2017,Nissan,Sentra, Yonkers, NY,2,2.0,Personal
15590,37125,2017,Chevrolet,Equinox, New York, NY,0,2.0,Personal
22900,49783,2017,Toyota,Highlander, Elmhurst, NY,0,1.0,Personal
20590,42850,2017,BMW,X3, New York, NY,0,2.0,Personal
29995,18117,2019,Ford,Transit Passenger Wagon, Hackensack, NJ,0,1.0,Personal
14997,28605,2019,Nissan,Sentra, Jersey City, NJ,0,1.0,Personal
14905,29540,2017,Honda,Accord, Elizabeth, NJ,1,1.0,Personal
16890,37298,2019,Jeep,Compass, Valley Stream, NY,0,1.0,Fleet
15500,24694,2017,Honda,Civic, Old Bridge, NJ,0,1.0,Personal
22990,35725,2017,Toyota,Highlander, New York, NY,0,1.0,Personal
13895,34122,2017,Ford,Escape, Rahway, NJ,0,1.0,Fleet
16777,95426,2014,Mercedes-Benz,GL, Hillside, NJ,0,2.0,Personal
17995,43266,2017,Honda,Accord, Paramus, NJ,0,1.0,Personal
13951,50104,2017,Honda,Accord, Woodside, NY,0,1.0,Fleet
33998,31193,2017,Volvo,XC90, New York, NY,0,1.0,Personal
18501,67566,2017,GMC,Acadia, Mahwah, NJ,0,1.0,Personal
10995,128423,2010,Jeep,Wrangler, Ridgewood, NY,2,3.0,Fleet
19990,35573,2017,Nissan,Murano, New York, NY,0,1.0,Fleet
38490,9575,2018,Lexus,RX, New York, NY,0,1.0,Personal
9995,113245,2006,Toyota,4Runner, Union City, NJ,0,4.0,Personal
16590,31627,2016,BMW,i3, New York, NY,0,2.0,Personal
11988,41749,2018,Toyota,Corolla, Green Brook, NJ,0,2.0,Personal
33797,20126,2020,Buick,Enclave, New York, NY,0,1.0,Personal
8995,92517,2010,Nissan,Maxima, Newark, NJ,1,4.0,Fleet
16942,26484,2017,Subaru,Impreza, Carlstadt, NJ,1,1.0,Personal
9999,79402,2016,Nissan,Altima, Irvington, NJ,1,1.0,Fleet
14999,76382,2014,Lexus,ES, Elmhurst, NY,0,2.0,Personal
89995,33453,2014,Audi,R8, Newark, NJ,0,3.0,Fleet
9900,30831,2017,Kia,Forte, Bayonne, NJ,0,1.0,Fleet
40901,27029,2017,Mercedes-Benz,GLE, New York, NY,0,1.0,Personal
31900,35777,2017,Jaguar,F-PACE, Kearny, NJ,0,1.0,Personal
5795,137217,2011,Jeep,Compass, Belleville, NJ,1,3.0,Personal
17990,15832,2020,Nissan,Altima, Brooklyn, NY,0,1.0,Personal
28945,48486,2016,Mercedes-Benz,Sprinter Passenger Van, Hasbrouck Heights, NJ,0,1.0,Personal
12942,77442,2015,BMW,3 Series, Carlstadt, NJ,1,3.0,Fleet
11900,116237,2012,Ford,Econoline Wagon, Kearny, NJ,0,3.0,Personal
21888,36245,2017,Ford,Explorer, Long Island City, NY,1,1.0,Fleet
17995,68129,2017,BMW,3 Series, Hasbrouck Heights, NJ,0,2.0,Personal
11900,31672,2017,Chevrolet,Malibu, Hillside, NJ,0,1.0,Fleet
17900,55997,2016,Ford,Econoline Commercial Cutaway, Kearny, NJ,1,1.0,Personal
18890,23664,2019,Honda,Accord, Elmhurst, NY,0,1.0,Personal
23942,15768,2017,Land,Rover Discovery Sport, Carlstadt, NJ,1,2.0,Personal
14990,46137,2014,Lexus,RX, Elmhurst, NY,0,3.0,Fleet
29995,51697,2017,BMW,X5, Teterboro, NJ,0,1.0,Personal
62995,33226,2017,Lexus,LX, New York, NY,0,2.0,Personal
29999,30521,2017,Toyota,Highlander, Brooklyn, NY,0,1.0,Personal
12995,66765,2017,Ford,Escape, Ridgewood, NY,0,1.0,Fleet
24995,33564,2016,Volvo,XC60, Hasbrouck Heights, NJ,0,1.0,Personal
15981,30421,2018,Nissan,Rogue, Long Island City, NY,0,1.0,Personal
46890,30839,2016,Mercedes-Benz,S-Class, Long Island City, NY,0,1.0,Personal
9999,62166,2013,Ford,Escape, Staten Island, NY,0,1.0,Personal
12905,34587,2017,Honda,Accord, Elizabeth, NJ,1,1.0,Personal
15208,44428,2017,Ford,Fusion, Hillside, NJ,0,2.0,Fleet
19995,62274,2017,Jeep,Grand Cherokee, Brooklyn, NY,0,2.0,Personal
9980,101727,2013,Volkswagen,Jetta, Jersey City, NJ,0,3.0,Personal
135995,261,2020,Porsche,911, New York, NY,0,1.0,Personal
20662,4782,2019,Nissan,Rogue, Bloomfield, NJ,0,1.0,Personal
21972,73800,2015,Mercedes-Benz,C-Class, Jersey City, NJ,0,2.0,Fleet
12888,36504,2016,Honda,CR-V, Long Island City, NY,1,1.0,Fleet
24391,58351,2017,Jeep,Grand Cherokee, Little Ferry, NJ,1,2.0,Personal
10900,2394,2019,Nissan,Versa, Hillside, NJ,1,1.0,Fleet
12699,92562,2016,Chevrolet,Traverse, Union City, NJ,0,1.0,Personal
6399,127019,2012,Hyundai,Elantra, Union City, NJ,1,2.0,Personal
33390,35412,2017,Mercedes-Benz,GLE, Long Island City, NY,0,1.0,Personal
12470,21551,2016,Ford,Fusion, Brooklyn, NY,0,1.0,Fleet
14900,13857,2019,Nissan,Altima, Hillside, NJ,1,1.0,Personal
21697,11865,2019,Toyota,Prius, New York, NY,0,1.0,Personal
47415,30654,2019,Ford,Expedition, Hasbrouck Heights, NJ,0,1.0,Personal
15988,56501,2017,Hyundai,Tucson, Bloomfield, NJ,0,1.0,Personal
19468,4621,2019,Nissan,Rogue, Hillside, NJ,0,1.0,Personal
1999,150000,2008,Chevrolet,HHR, Hasbrouck Heights, NJ,2,3.0,Personal
56995,33365,2017,Porsche,Macan, New York, NY,0,1.0,Personal
26167,30428,2017,Toyota,Highlander, Long Island City, NY,0,1.0,Fleet
12500,25904,2019,Hyundai,Elantra, Hillside, NJ,0,1.0,Personal
9145,48583,2018,Nissan,Sentra, Long Island City, NY,0,2.0,Fleet
21542,29715,2017,Volvo,S90, Carlstadt, NJ,0,1.0,Personal
41686,53978,2018,Audi,S5, Secaucus, NJ,2,1.0,Personal
17948,25555,2017,Nissan,Rogue, Hillside, NJ,0,1.0,Personal
